{
  "1": {"ROAD_TYPE": 1, "TERRAIN": "F", "BASE": 3800, "W1": -0.470, "W2": 0.175, "W3": -0.0050, "F1": 0.97, "F2": 0.00002012, "F3": 1.1, "F4": 0.00001050, "F5": 1.8, "F6": -1150},
  "2": {"ROAD_TYPE": 1, "TERRAIN": "R", "BASE": 3700, "W1": -0.470, "W2": 0.175, "W3": -0.0050, "F1": 0.97, "F2": 0.00002012, "F3": 1.1, "F4": 0.00001050, "F5": 1.8, "F6": -1150},
  "3": {"ROAD_TYPE": 1, "TERRAIN": "H", "BASE": 3600, "W1": -0.470, "W2": 0.175, "W3": -0.0050, "F1": 0.97, "F2": 0.00002012, "F3": 1.1, "F4": 0.00001050, "F5": 1.8, "F6": -1150},
  "4": {"ROAD_TYPE": 2, "TERRAIN": "F", "BASE": 3100, "W1": -0.360, "W2": 0.274, "W3": -0.0115, "F1": 0.97, "F2": 0.00003109, "F3": 1.1, "F4": 0.00001600, "F5": 1.6, "F6": -1550},
  "5": {"ROAD_TYPE": 2, "TERRAIN": "R", "BASE": 3000, "W1": -0.360, "W2": 0.274, "W3": -0.0115, "F1": 0.97, "F2": 0.00003109, "F3": 1.1, "F4": 0.00001600, "F5": 1.6, "F6": -1550},
  "6": {"ROAD_TYPE": 2, "TERRAIN": "H", "BASE": 2900, "W1": -0.360, "W2": 0.274, "W3": -0.0115, "F1": 0.97, "F2": 0.00003109, "F3": 1.1, "F4": 0.00001600, "F5": 1.6, "F6": -1550},
  "7": {"ROAD_TYPE": 3, "TERRAIN": "F", "BASE": 6800, "W1": -0.470, "W2": 0.175, "W3": -0.0050, "F1": 0.97, "F2": 0.00003109, "F3": 1.1, "F4": 0.00001600, "F5": 1.6, "F6": -1550},
  "8": {"ROAD_TYPE": 3, "TERRAIN": "R", "BASE": 6800, "W1": -0.470, "W2": 0.175, "W3": -0.0050, "F1": 0.97, "F2": 0.00003109, "F3": 1.1, "F4": 0.00001600, "F5": 1.6, "F6": -1550},
  "9": {"ROAD_TYPE": 3, "TERRAIN": "H", "BASE": 6800, "W1": -0.470, "W2": 0.175, "W3": -0.0050, "F1": 0.97, "F2": 0.00003109, "F3": 1.1, "F4": 0.00001600, "F5": 1.6, "F6": -1550},
  "10": {"ROAD_TYPE": 4, "TERRAIN": "F", "BASE": 7600, "W1": -0.470, "W2": 0.175, "W3": -0.0050, "F1": 0.97, "F2": 0.00002012, "F3": 1.1, "F4": 0.00001050, "F5": 1.8, "F6": -1150},
  "11": {"ROAD_TYPE": 4, "TERRAIN": "R", "BASE": 7400, "W1": -0.470, "W2": 0.175, "W3": -0.0050, "F1": 0.97, "F2": 0.00002012, "F3": 1.1, "F4": 0.00001050, "F5": 1.8, "F6": -1150},
  "12": {"ROAD_TYPE": 4, "TERRAIN": "H", "BASE": 7200, "W1": -0.470, "W2": 0.175, "W3": -0.0050, "F1": 0.97, "F2": 0.00002012, "F3": 1.1, "F4": 0.00001050, "F5": 1.8, "F6": -1150},
  "13": {"ROAD_TYPE": 5, "TERRAIN": "F", "BASE": 11400, "W1": -0.470, "W2": 0.117, "W3": -0.0022, "F1": 0.97, "F2": 0.00002012, "F3": 1.1, "F4": 0.00001050, "F5": 1.8, "F6": -1150},
  "14": {"ROAD_TYPE": 4, "TERRAIN": "R", "BASE": 11100, "W1": -0.470, "W2": 0.175, "W3": -0.0050, "F1": 0.97, "F2": 0.00002012, "F3": 1.1, "F4": 0.00001050, "F5": 1.8, "F6": -1150},
  "15": {"ROAD_TYPE": 4, "TERRAIN": "H", "BASE": 10800, "W1": -0.470, "W2": 0.175, "W3": -0.0050, "F1": 0.97, "F2": 0.00002012, "F3": 1.1, "F4": 0.00001050, "F5": 1.8, "F6": -1150}
}
